CELL BARCODES,FINAL TIME TAG,HUMAN_COUNTS,MOUSE_COUNTS
TCGGCCAACTAG,SEQ1_TTGG,7759,271
TTTTCATGCCCC,SEQ1_TTGG,13213,401
GGTGGCAACCTC,SEQ3_GGAA,10026,242
CCCAGCGCTAGA,SEQ1_TTGG,9050,161
TGCAACCTATTG,SEQ1_TTGG,7819,125
TCGAAGCCACGC,SEQ2_CCTT,10116,140
GTTGTGAAGGCT,SEQ2_CCTT,5244,82
TTCAGCTACGGC,SEQ1_TTGG,12796,277
ATGGCATGCGCT,SEQ3_GGAA,10212,179
GGGGAATGTACT,SEQ3_GGAA,5618,108
CACGATTTGGAA,SEQ1_TTGG,8402,149
GCAGTCACAATA,SEQ1_TTGG,8716,123
ACTGAGCGCGTA,SEQ1_TTGG,6622,163
ATCTTTGGTCAC,SEQ2_CCTT,4559,126
CCTTGCTTCACT,SEQ2_CCTT,5276,59
CCCAATATAATG,SEQ3_GGAA,11753,157
GACGCCCCCCAT,SEQ3_GGAA,9571,248
GGCACTACCCAC,SEQ1_TTGG,43015,725
AGCAAACCCTAT,SEQ1_TTGG,4122,78
CGCAGTACAGTA,SEQ3_GGAA,8575,256
AAAATAGTCTGT,SEQ3_GGAA,4246,91
TGACTGTAGGCG,SEQ3_GGAA,520,8423
GTACTTTCTAGT,SEQ1_TTGG,8839,243
GAACACTCTAAA,SEQ1_TTGG,7604,306
TGGGAGCCGCCC,SEQ2_CCTT,5766,81
GATCGAACACAT,SEQ1_TTGG,8528,155
GTGAGGAACGAG,SEQ2_CCTT,1931,56
CGTTCACCGTGG,SEQ1_TTGG,8106,155
ACGAGGAACCGT,SEQ1_TTGG,2628,88
TACATTTGAACT,SEQ2_CCTT,3838,51
GTGCGTAGGAAA,SEQ2_CCTT,5023,71
GCGATAGTAGAC,SEQ3_GGAA,5645,109
TCCTGACCTAAT,SEQ1_TTGG,9746,124
GATGGCCCTCTA,SEQ3_GGAA,5294,131
CGATAGCATCCA,SEQ3_GGAA,6562,250
GTACTGGCCACA,SEQ2_CCTT,9229,199
GTTGCAGAAGTG,SEQ1_TTGG,3851,120
TACGCCTGTGCT,SEQ1_TTGG,11391,277
GATTCCTAGGCC,SEQ1_TTGG,4072,63
CTCCACCCAGGT,SEQ2_CCTT,7250,138
CACACCACTCCC,SEQ1_TTGG,28380,446
ATCGCTCCAGCA,SEQ3_GGAA,11883,253
ACACGTCGACTT,SEQ2_CCTT,14921,414
CATCGCTGATCT,SEQ1_TTGG,5055,79
AGAGCGGTGCTT,SEQ1_TTGG,158,3535
TAAGCTTCCTGC,SEQ3_GGAA,5273,167
AGGATATAACAC,SEQ1_TTGG,3575,96
TTATGTTAGATC,SEQ1_TTGG,2291,474
GTGTGCGCCATC,SEQ2_CCTT,202,3536
GGGCTGCTGTTG,SEQ3_GGAA,5465,155
TAACGACGTGCC,SEQ2_CCTT,14771,178
GTGACAATCCAC,SEQ1_TTGG,17479,272
TTGGGCCTATAT,SEQ3_GGAA,16660,214
GAATGCTATGCG,SEQ3_GGAA,3621,47
GACGTTCCTTTT,SEQ3_GGAA,5855,96
AGTGTTATCCCG,SEQ1_TTGG,7611,211
CCCAATGGCACC,SEQ1_TTGG,201,4883
GTCTAATTCGCG,SEQ2_CCTT,11093,238
CCAACATCGCAA,SEQ3_GGAA,8429,171
ATTTAAGATTCT,SEQ2_CCTT,1897,1075
ACGTATAAGTCT,SEQ3_GGAA,18083,391
GCAATGGACACC,SEQ2_CCTT,9798,266
AGTGATTCGGAG,SEQ1_TTGG,8037,108
TTATGAAGCATC,SEQ1_TTGG,8288,180
TTGATTTCACAC,SEQ3_GGAA,1451,741
ATCGGCATCTGG,SEQ3_GGAA,8484,281
TGGTCTCCTGCC,SEQ2_CCTT,3000,46
AGCTACGGATAC,SEQ1_TTGG,12920,193
ATAACTATCTGG,SEQ3_GGAA,7285,136
CTCTTTTGACCA,SEQ1_TTGG,9157,149
TGCCCTCGTGTT,SEQ1_TTGG,13897,227
AGCTGCATCCTA,SEQ3_GGAA,10670,369
GTTACATACACC,SEQ1_TTGG,2783,183
AACGTCCGCCCC,SEQ1_TTGG,10883,162
CAGGATCTTTTT,SEQ2_CCTT,6997,143
CCTCGACCCTTT,SEQ1_TTGG,15071,195
GGTGGAGACTGG,SEQ3_GGAA,6333,95
GTATGATTCAGT,SEQ1_TTGG,5487,134
GAACCCAGACGA,SEQ1_TTGG,5403,97
GTTCTCAGCCTA,SEQ3_GGAA,5685,90
ACTTTGGGCCGC,SEQ2_CCTT,11068,178
TCCGGAACTCTA,SEQ1_TTGG,6478,81
TGAAATCGCCCT,SEQ1_TTGG,3797,61
ATTTCGAACCGG,SEQ1_TTGG,5052,89
TAGGGCTTATAC,SEQ1_TTGG,7497,131
TTAGCGATACGC,SEQ3_GGAA,10293,227
GTCGTGCCGGAG,SEQ1_TTGG,2846,72
TCGCCGAGTTGA,SEQ1_TTGG,3581,119
GTTACCAAAGAA,SEQ2_CCTT,4316,106
AGCTACGCACTG,SEQ1_TTGG,5277,125
GGTCTTCCTAAG,SEQ1_TTGG,9908,112
ATCCGGATCGTC,SEQ1_TTGG,2343,54
ACCCCAGTCGGG,SEQ2_CCTT,2946,63
GGGCCAATGGTC,SEQ1_TTGG,3445,59
CGCTTTCACTCT,SEQ1_TTGG,5326,165
GAAGTCCATCGA,SEQ2_CCTT,10286,159
CGTCTTGTGCTT,SEQ2_CCTT,11372,207
TCGCGATGCGAT,SEQ1_TTGG,11407,203
CAAAGTCTCCCG,SEQ1_TTGG,5242,310
ATCAGAAAGTTC,SEQ1_TTGG,6489,134
GGGCAGGGTAAA,SEQ2_CCTT,3406,45
GCGTAAGTTGCT,SEQ2_CCTT,6076,166
ACTTTCCCTTGA,SEQ1_TTGG,6428,95
ACTAAATTTCAT,SEQ3_GGAA,7760,191
ATTGCGTGACCC,SEQ2_CCTT,4972,115
TATGTTTCTCAG,SEQ2_CCTT,8760,120
ATCCGGCACGAA,SEQ1_TTGG,10091,186
CGAGAGTTGTTT,SEQ1_TTGG,4979,112
GTCTTCCTATAC,SEQ3_GGAA,3024,103
CTAAATCATGCC,SEQ1_TTGG,4840,84
GGGCCCTCCTTG,SEQ2_CCTT,7379,76
TAGCAGCAATCT,SEQ1_TTGG,6906,113
AGCTCACGTGTC,SEQ1_TTGG,3129,91
CATAAACGACGC,SEQ3_GGAA,8200,129
TCAGCGCGCGAA,SEQ1_TTGG,5183,128
CTTATTGTCATC,SEQ1_TTGG,4778,105
TCTTCAGCGAGC,SEQ2_CCTT,9818,195
TAGTCTGATGAT,SEQ1_TTGG,10512,125
GTATCAAATCCC,SEQ1_TTGG,9298,128
GTTTGTCCTAGC,SEQ2_CCTT,9740,167
GCCCACTCGTCA,SEQ1_TTGG,12499,278
AATCATACTTAC,SEQ1_TTGG,3013,97
TCGCGCTATATT,SEQ1_TTGG,14610,180
AGTCACCAACTG,SEQ2_CCTT,6466,121
GACTAAGGGACG,SEQ1_TTGG,3997,58
CCGCCGCGGCCG,SEQ1_TTGG,3704,56
ACATAGCGCCCG,SEQ1_TTGG,4231,50
GTGGTCTGAATC,SEQ2_CCTT,5126,70
TCTATCCGATTA,SEQ1_TTGG,242,4809
AAGAGAGCTGGC,SEQ1_TTGG,3611,56
GGGATAATGCCA,SEQ1_TTGG,5924,124
GTATGTCTGTAC,SEQ2_CCTT,12753,180
CATAGCCCCGTT,SEQ1_TTGG,9324,160
TGTAGAGATCGT,SEQ1_TTGG,6989,134
AGTTTTGAATCA,SEQ1_TTGG,11210,137
GGGCGTCACGGC,SEQ3_GGAA,22221,371
TAGCGTCGTCAA,SEQ2_CCTT,2684,64
TCAACATATAGA,SEQ1_TTGG,12188,289
TCACCGCGACGA,SEQ1_TTGG,6231,174
CACGTTTGAATC,SEQ1_TTGG,4336,147
TCGGAGGTGGTA,SEQ3_GGAA,6603,187
AAAGCAAATATC,SEQ1_TTGG,6420,122
ACATGACACTAA,SEQ1_TTGG,476,12184
ATGTGGAGTAGT,SEQ1_TTGG,11197,158
CGTCGGAATAGT,SEQ3_GGAA,6690,145
CCTTCCCCCAGA,SEQ3_GGAA,4055,133
AAATTATGCTTA,SEQ2_CCTT,3973,97
GGCATCGGGTAG,SEQ1_TTGG,6804,114
CTCGTTATTCCC,SEQ1_TTGG,3936,47
AGGTCCATGCTG,SEQ1_TTGG,11822,347
ACCCCAATCACG,SEQ2_CCTT,9067,141
TGAAACATCATA,SEQ1_TTGG,4702,83
TGTTGAGTAGGG,SEQ3_GGAA,5659,85
ATAGCGTCTAGC,SEQ2_CCTT,188,3944
GCCGAGTTGGAT,SEQ3_GGAA,8530,162
GTAAACGCCCGC,SEQ1_TTGG,10553,153
GAGTAAGCGACC,SEQ2_CCTT,354,7246
CAAGTGGCTGCT,SEQ2_CCTT,4471,82
CATAAGGGCTCC,SEQ2_CCTT,5379,310
GGGTTCGCAGGC,SEQ2_CCTT,4415,61
TTAAACGTCAGA,SEQ1_TTGG,3054,149
CAGACTAAATAC,SEQ3_GGAA,6251,125
AGTACTCCGAAT,SEQ2_CCTT,3366,148
CTGGATTAACAT,SEQ1_TTGG,2314,143
TAGGCTAACGTA,SEQ2_CCTT,10699,200
GATGCTACGGGG,SEQ3_GGAA,7264,193
TTCTAAGTCCAG,SEQ1_TTGG,2232,71
ACGCTTAGGGTG,SEQ3_GGAA,7295,138
ATCCGCAGTATC,SEQ2_CCTT,241,6066
GCTCACAGACTC,SEQ2_CCTT,4537,95
CGGCCCATGCTA,SEQ2_CCTT,10706,187
CTCACAGCTTGG,SEQ3_GGAA,7459,164
ACCCAGAGTCGC,SEQ1_TTGG,2628,198
CCAACGCGATCC,SEQ1_TTGG,267,7493
GCAGTTGCATAC,SEQ1_TTGG,11370,168
TTAGGCACGAGA,SEQ1_TTGG,4608,73
CAACTGATCGAA,SEQ1_TTGG,7447,158
CCAGTGGGGAGG,SEQ1_TTGG,5176,142
ACGCCGCCCACG,SEQ1_TTGG,5854,71
CCTCCACGTTCG,SEQ1_TTGG,4132,70
GTCGGGCATTCC,SEQ1_TTGG,8855,174
AATTAAGTTGCT,SEQ1_TTGG,5491,122
GGACCTATTTCT,SEQ1_TTGG,12824,169
ATTGACAATCAA,SEQ3_GGAA,5963,258
CGAGTAACACTA,SEQ1_TTGG,9714,200
TTATTAAAGAAG,SEQ3_GGAA,225,5001
TCACCCTCCAAT,SEQ1_TTGG,8893,147
TTGTTTCGCGAG,SEQ2_CCTT,4158,66
CGACCCGCTGCC,SEQ2_CCTT,5884,107
CAACAAATCTCT,SEQ1_TTGG,3950,62
CAGAACCACGCT,SEQ3_GGAA,7932,153
CATGCCTACCCT,SEQ2_CCTT,5191,681
CATCTAAACGTA,SEQ1_TTGG,11133,209
TGGAGGACAGCC,SEQ3_GGAA,1067,509
GGCCCCGGGTAC,SEQ1_TTGG,5511,320
TCCTTTATAAGC,SEQ1_TTGG,1343,703
CGTATGGGGCGC,SEQ1_TTGG,5198,84
GGCTGATCGGCG,SEQ3_GGAA,3964,143
TGCGTCCATTTT,SEQ2_CCTT,7417,114
CCGTTGCATGAT,SEQ1_TTGG,2685,137
GTGAGCGCTCTG,SEQ1_TTGG,12635,218
ATAGTGGCTAGA,SEQ3_GGAA,2985,116
AACCTACGCCAT,SEQ3_GGAA,5447,61
TGAGGGGGACCA,SEQ2_CCTT,5088,157
CTCAATCCCAAA,SEQ3_GGAA,4851,90
AAACCCTCCATT,SEQ1_TTGG,11647,120
GAAAAACTTGAC,SEQ1_TTGG,13247,207
GACTAGTAGTAA,SEQ1_TTGG,2039,75
CTAGGTCAGGTT,SEQ2_CCTT,3959,49
GCCGGGGAGGAC,SEQ2_CCTT,3457,71
CATTGAGAGCTG,SEQ2_CCTT,6280,69
GTATTGACCTAC,SEQ1_TTGG,5431,68
AGCCCAGTATCA,SEQ2_CCTT,4647,83
CGGTATCTGAGA,SEQ2_CCTT,3681,89
TCGAAAAACTTT,SEQ2_CCTT,3842,86
GTCACAGCATCT,SEQ1_TTGG,239,4732
ACCTCTTGGTCA,SEQ3_GGAA,7888,234
ACAAGCCTTTTC,SEQ1_TTGG,210,6884
GTTTGCCACAAC,SEQ1_TTGG,9348,152
GGCTTTGGGAAT,SEQ2_CCTT,3283,70
CACATTGCATGG,SEQ2_CCTT,12238,183
ATGCCCAAGGTA,SEQ1_TTGG,1858,416
GTTCTGACAATC,SEQ1_TTGG,7737,102
TCCTGAGATTGT,SEQ2_CCTT,5314,107
CTCGCGCGCTCT,SEQ3_GGAA,8180,168
TCAGATCGTCTG,SEQ2_CCTT,3463,71
GTAGCAGCTTAT,SEQ2_CCTT,5865,51
TGAAGGAGCGAA,SEQ3_GGAA,8583,203
GGAATAGTCCAG,SEQ1_TTGG,4066,136
TCCGCTGTCACT,SEQ3_GGAA,3261,100
CCGCCGATATTG,SEQ2_CCTT,2833,188
GATAAGCAAGAC,SEQ1_TTGG,12078,178
GCTACCTGCACT,SEQ1_TTGG,3986,76
TGGCACTAGCAT,SEQ1_TTGG,4380,58
ACTCTACATGTC,SEQ2_CCTT,8061,103
AACCGTGAAGAG,SEQ1_TTGG,6103,83
CCGAGTGGAGTT,SEQ1_TTGG,8462,196
ATCGTATAGGAC,SEQ3_GGAA,4645,87
AAGTTTTACGCA,SEQ3_GGAA,2665,62
TCAACGGCGACC,SEQ1_TTGG,6922,156
TGTCTGGCTAGA,SEQ1_TTGG,7796,114
CGGCTATCCTCT,SEQ2_CCTT,9034,132
AAGACCGTTTTC,SEQ1_TTGG,4693,3933
TACGCTCTAATA,SEQ2_CCTT,4031,52
CCACCTGATGGT,SEQ1_TTGG,9159,179
GTGATGCCCAAC,SEQ2_CCTT,2855,58
CCACTGGTGGAC,SEQ1_TTGG,8048,336
GTACAAAACCTC,SEQ2_CCTT,4809,101
GAGCAACCCCCG,SEQ1_TTGG,1048,200
AATCCACTTTAC,SEQ1_TTGG,9565,165
CCCAACTGCTTA,SEQ1_TTGG,4247,189
ATACACCCCGAC,SEQ3_GGAA,5690,109
CGATCTACTCCC,SEQ1_TTGG,4221,101
AAAATGATTAGC,SEQ3_GGAA,6810,68
GTAGCGTCAAAC,SEQ1_TTGG,4324,57
CGATATTACGCC,SEQ2_CCTT,2581,143
TTTGCCGTCAGG,SEQ2_CCTT,9523,241
AACCTATCTGGT,SEQ1_TTGG,5911,86
GTTTACGGGCAC,SEQ2_CCTT,13122,263
AACACACCGTGT,SEQ1_TTGG,4805,59
TCGTTATACCGC,SEQ3_GGAA,6207,5037
CACCCACCCAGG,SEQ2_CCTT,2551,52
GTGAACAGAGTA,SEQ3_GGAA,3175,58
TGCGAGTTCCTC,SEQ2_CCTT,3277,130
AGTCAGTGAACA,SEQ1_TTGG,1694,354
TCTACTAGGAGG,SEQ2_CCTT,231,4188
AACTTCGAACGC,SEQ3_GGAA,10610,264
GAAGTGGGTTCT,SEQ3_GGAA,8424,181
CCGTAAGAATGC,SEQ3_GGAA,2958,39
GCTACACAAGCA,SEQ1_TTGG,3394,790
TCAAGCTGAGTC,SEQ2_CCTT,569,11813
TACTACCCACGA,SEQ3_GGAA,1287,644
CCATAGCCATGA,SEQ1_TTGG,160,6062
CGAGTGAGCTGG,SEQ3_GGAA,7226,169
CTGGCTGGATCA,SEQ1_TTGG,214,6929
TGCTCTAGCACT,SEQ2_CCTT,2569,72
GAGCCGTCGACG,SEQ3_GGAA,5590,195
GTTTTACAGGAA,SEQ2_CCTT,4243,64
CCGATTTCTTGA,SEQ3_GGAA,6143,4362
CCCCTTGCATCA,SEQ1_TTGG,372,1084
ATGAACGGCAAA,SEQ1_TTGG,4710,78
GCTAGTATGAGC,SEQ1_TTGG,6707,135
CATGTCCACACA,SEQ1_TTGG,3333,69
GGAATGGTTGTC,SEQ1_TTGG,427,14681
TCTGGGGCGCAG,SEQ3_GGAA,3723,50
GTCGAATAATCT,SEQ1_TTGG,8882,179
TCTTGGGCATCG,SEQ3_GGAA,6313,150
GTTCCGCGTTCG,SEQ1_TTGG,482,10481
TGTTGACGGACA,SEQ3_GGAA,361,4124
TAGATCACCGCT,SEQ1_TTGG,5420,120
TCCTAGCGATAA,SEQ1_TTGG,2770,54
CCTAATGATCGT,SEQ3_GGAA,6292,112
ATACCGATCTAA,SEQ1_TTGG,3964,69
TTTTTGCGCTAG,SEQ1_TTGG,3951,89
AACGTCGATCAT,SEQ3_GGAA,2653,35
GGACCGTATTAT,SEQ3_GGAA,3386,90
CCGATAACGCGG,SEQ1_TTGG,4037,77
AACACTTAACCA,SEQ3_GGAA,3310,44
GTAGGGGAGATA,SEQ1_TTGG,5672,119
CTAAATACGTTT,SEQ2_CCTT,9383,171
TGCGCCTACTCT,SEQ1_TTGG,335,10322
AAGGGCTCGAGT,SEQ1_TTGG,2432,41
GAATAGTTCCTC,SEQ1_TTGG,4545,239
ATGCGTCGTTTA,SEQ2_CCTT,6606,74
GCCAGAGGCGCC,SEQ2_CCTT,7389,125
GTTCATCGCGCG,SEQ1_TTGG,3869,78
AAGAGGGGCGAG,SEQ1_TTGG,4736,59
AGGAGTGGTTCT,SEQ1_TTGG,5308,84
TCACTTTTTCAG,SEQ1_TTGG,1028,540
TCACCGCTAAAG,SEQ3_GGAA,6454,157
GCCGTCTGCTGC,SEQ1_TTGG,419,9224
GATAGCGTGTGA,SEQ1_TTGG,5060,77
TTCCGTTAGAAC,SEQ2_CCTT,2014,120
GTCCGAGCGTAC,SEQ1_TTGG,6313,103
CACGACCGTTAT,SEQ1_TTGG,3206,51
ACGAACTGCGGA,SEQ2_CCTT,2647,71
CGCATTGCTATG,SEQ1_TTGG,4765,95
ACTTATCCGAGC,SEQ1_TTGG,3023,74
GGCTTTTTCTTA,SEQ1_TTGG,4588,45
ATATAGATTACC,SEQ1_TTGG,4911,79
TTACCATGGCAA,SEQ1_TTGG,5952,103
AGCCACCCTGAC,SEQ1_TTGG,1728,30
CACGTATGCGCC,SEQ3_GGAA,3500,73
TCCGTGCCGCCC,SEQ1_TTGG,1045,1123
CCCGATGTCCAC,SEQ2_CCTT,964,19196
TTTGGAGCTTCA,SEQ1_TTGG,1976,128
GCCCGCTCCTGC,SEQ3_GGAA,218,6213
GAGGCCTCAAGC,SEQ3_GGAA,3639,118
CTCAGGACATTC,SEQ1_TTGG,3077,34
TTTAGGGGGTAA,SEQ3_GGAA,4462,92
AGTCGGTTAAAG,SEQ1_TTGG,3860,111
ATCCAAGTAAAT,SEQ2_CCTT,6545,79
ACACTGATAAGG,SEQ1_TTGG,2930,30
ACACCGAAATAT,SEQ2_CCTT,135,3735
TCTTTTGGAACG,SEQ1_TTGG,7665,129
CGTATTGAGATA,SEQ2_CCTT,4692,83
TCACACGATCAA,SEQ1_TTGG,5503,86
TGGTTTGTTGCA,SEQ2_CCTT,6265,79
GTCGCATTATGT,SEQ1_TTGG,1822,80
GTACGAAGCTAA,SEQ3_GGAA,4656,89
CTACCAGACAAT,SEQ3_GGAA,5241,79
GGCTCTTCATTC,SEQ3_GGAA,1098,12885
TGTCCGTCACAC,SEQ2_CCTT,1012,30410
GGATACCGCACT,SEQ1_TTGG,1797,40
CACTGCAACGCT,SEQ1_TTGG,3356,65
GGTGCCTCGTTG,SEQ2_CCTT,2898,53
GAGAAAAGCTAT,SEQ1_TTGG,4475,104
TCGGTATGGAAG,SEQ2_CCTT,243,3506
ATCCGAAAACTG,SEQ1_TTGG,4715,6275
GAAGTCGACCAC,SEQ2_CCTT,836,5756
CATCCTGAGACA,SEQ1_TTGG,3890,39
GGACCAGATCTA,SEQ1_TTGG,2005,39
AGAAACACGTAA,SEQ3_GGAA,6266,113
AGCAAGCTAAAG,SEQ1_TTGG,3715,79
ATTCCCGCTTAA,SEQ2_CCTT,4126,61
TGCTGCCACGCT,SEQ1_TTGG,4339,34
TAGGGACTCTCT,SEQ2_CCTT,145,4804
TGCGGGAGCCCT,SEQ1_TTGG,1600,581
TTCTGCGCGCGT,SEQ1_TTGG,2966,51
ACGCAGAAGACT,SEQ1_TTGG,231,8191
GACTCGGGTCGG,SEQ3_GGAA,444,9398
TAGACCAGATGT,SEQ1_TTGG,308,3821
GCGTTAGGGCAT,SEQ2_CCTT,212,7459
TTTTTGATAACT,SEQ2_CCTT,173,5473
TCGGCCTTCAAT,SEQ1_TTGG,1221,1298
CACCTAAGAATT,SEQ1_TTGG,332,6647
GGTGTTCACTGA,SEQ2_CCTT,2696,53
CACGTATCCTGG,SEQ3_GGAA,3386,76
ACCAGTTACCGT,SEQ1_TTGG,438,6948
TGCTGAGACCGA,SEQ1_TTGG,146,3452
CGTTATCATGCA,SEQ3_GGAA,268,2013
CATGGGGAGCAC,SEQ1_TTGG,5178,126
GCCCTAGCAAGC,SEQ1_TTGG,2570,99
CCTCACTTGCTG,SEQ1_TTGG,2134,416
CATTGCAGGGCA,SEQ2_CCTT,4423,71
CAGAGGGCTTTA,SEQ1_TTGG,1657,1125
GTCCTAACCTGA,SEQ1_TTGG,447,1441
CCCCCTAGTGCA,SEQ3_GGAA,4599,55
CAGTAAGACGAT,SEQ1_TTGG,70,2132
TGTGGACCACAG,SEQ3_GGAA,262,3916
CTTACAGTTCCA,SEQ1_TTGG,3953,59
GTGAGCGCTGGG,SEQ2_CCTT,140,2922
CTAACGACCATA,SEQ1_TTGG,360,8862
CGGTACCGCAAG,SEQ1_TTGG,1248,739
TGCTGGAAATGA,SEQ1_TTGG,2846,37
AGTCGGCAGTGA,SEQ2_CCTT,205,6833
TATATAGGTAGA,SEQ1_TTGG,203,3004
CATGACTGTCCT,SEQ3_GGAA,324,5565
CGGTTCCGTCAT,SEQ2_CCTT,347,10319
ATTTTCCCTTGT,SEQ2_CCTT,230,8686
TTTTGCGTCAGG,SEQ3_GGAA,545,10716
TTGCTCCTCGGA,SEQ1_TTGG,264,6546
CAGTCATAGCAC,SEQ1_TTGG,1038,100
AGTGCCCCAGCT,SEQ1_TTGG,3847,52
AGCAACCGCTCC,SEQ3_GGAA,412,9814
CCCACAGGTCCA,SEQ2_CCTT,4379,117
TCTTGATTTTTA,SEQ2_CCTT,4259,40
AACCTTTACTGG,SEQ2_CCTT,296,6346
CTAAACCTCCTC,SEQ1_TTGG,211,2656
CAGGTCGGTACC,SEQ1_TTGG,212,2286
AATTCCCACGTT,SEQ1_TTGG,480,9398
GACCCTTTTTAT,SEQ2_CCTT,427,11286
AGGATTGATGGT,SEQ2_CCTT,301,7982
CCCTGGTATAAC,SEQ1_TTGG,386,1297
GTTCACCGCAGT,SEQ3_GGAA,575,3580
CAAACCAGGCCT,SEQ3_GGAA,266,3413
CTGGCAGTTCGC,SEQ2_CCTT,318,5148
GCTCGCCTTCGC,SEQ3_GGAA,159,3521
CAACGTGCCCCG,SEQ1_TTGG,337,9025
GGAGATCTCTAT,SEQ1_TTGG,232,4479
ATTCGTCGCATT,SEQ1_TTGG,128,3055
TCTTGGCCGACT,SEQ1_TTGG,511,13791
TCACACTCATCA,SEQ1_TTGG,466,2407
GAAGCGCAGCTG,SEQ2_CCTT,289,2758
AGAACGCCCCTC,SEQ2_CCTT,60,2658
CTTTTAGGACCA,SEQ1_TTGG,140,2184
CCGCAGCAGTGG,SEQ1_TTGG,184,3476
GATAAGTATCCC,SEQ3_GGAA,264,3271
TTATAATTTAAA,SEQ2_CCTT,280,8241
GCCCAGTGTAAT,SEQ3_GGAA,369,8465
GGAAGAAAGGCA,SEQ2_CCTT,432,6471
ACGCCAATCCAG,SEQ2_CCTT,144,3515
CGTCCATGTAAG,SEQ1_TTGG,508,14357
GAATGAGTGTCA,SEQ1_TTGG,270,6895
CACCGTATGTCT,SEQ1_TTGG,113,2721
CGTTCCTCAACC,SEQ3_GGAA,401,8515
ATTTCCGCGACC,SEQ1_TTGG,245,5749
GGCGGCACGTAG,SEQ1_TTGG,451,8890
CGCAATTCATAA,SEQ1_TTGG,585,1247
AACCCTCTGGCG,SEQ2_CCTT,232,5830
CGTCATGCCGCC,SEQ2_CCTT,153,3635
CTGTCCTACGCA,SEQ1_TTGG,268,9915
CTACGTCATGTT,SEQ1_TTGG,162,4159
TGGACGTAGTTG,SEQ3_GGAA,416,9140
TAAGATGACGCG,SEQ3_GGAA,115,4390
TTCCGATGTTGA,SEQ2_CCTT,549,6334
TCCGAAGCGGAG,SEQ1_TTGG,203,3515
CGGTTTGGATAT,SEQ1_TTGG,273,5556
CCCCCCATTGGC,SEQ3_GGAA,222,5681
GTAGGTAAAACC,SEQ3_GGAA,168,2917
CCCGGACACGCG,SEQ3_GGAA,311,7343
TTCACCCGATGC,SEQ2_CCTT,368,4033
AGACCCACCAGC,SEQ3_GGAA,659,7467
TCGGTATTCTTA,SEQ3_GGAA,332,5353
CCTAGTTACCCT,SEQ1_TTGG,352,10302
CTTAGGTACAAA,SEQ1_TTGG,189,4140
GAACACGCAGGG,SEQ1_TTGG,191,2104
CCTTAATCATTG,SEQ1_TTGG,339,3518
CTCGCTACTATG,SEQ3_GGAA,727,6254
TAACTTCGAGGC,SEQ2_CCTT,171,3766
TACTCGCCGTCA,SEQ3_GGAA,630,12538
TAGCGATCAAAC,SEQ1_TTGG,124,3739
TAGCCGCCATTA,SEQ1_TTGG,165,3593
CTCGACGATGTA,SEQ3_GGAA,413,8037
TCGAACGAGCGC,SEQ2_CCTT,982,14155
AGGCATCTTAGC,SEQ3_GGAA,171,2113
TGTTACCTCTAA,SEQ1_TTGG,192,5750
CCAGCTTAGGCA,SEQ3_GGAA,200,6094
AATTGACGGCTT,SEQ1_TTGG,712,13988
TCGTTCATTTGG,SEQ1_TTGG,231,4910
GGTCACTAATCA,SEQ1_TTGG,439,1129
CATCATAATTTT,SEQ2_CCTT,257,4571
CTTTTACCGTAT,SEQ2_CCTT,214,6928
TATCGCCAGGGT,SEQ1_TTGG,119,2083
GCGCTCATAATG,SEQ3_GGAA,191,4987
ATCTCCGACCCG,SEQ2_CCTT,162,2941
CTCATGATACTG,SEQ1_TTGG,1393,16117
TTCCCTTTAGCT,SEQ1_TTGG,329,8196
TAAACTATTGTG,SEQ2_CCTT,430,12071
CTGCACTCCCCC,SEQ2_CCTT,137,2609
TTTCTCGAAATC,SEQ1_TTGG,124,5096
CTTAGTGGAAAA,SEQ1_TTGG,125,4406
TGGAGAGAGGAG,SEQ2_CCTT,169,3023
TACCTGTAGCTG,SEQ2_CCTT,189,3216
TAGGTCCGCCCA,SEQ2_CCTT,363,13518
GGCTAACCTGCT,SEQ1_TTGG,116,3413
TCGGAGGGAGCT,SEQ3_GGAA,172,3028
AAATAATGCTCT,SEQ2_CCTT,171,2110
CTAGCAGGTGCG,SEQ3_GGAA,294,7082
GTTACAAACGTC,SEQ1_TTGG,143,2193
CGATCTCACGTC,SEQ1_TTGG,502,719
CATCTGTTATAC,SEQ1_TTGG,289,2547
GTCCCCTGCCTT,SEQ1_TTGG,245,3946
CCGACTGACTAT,SEQ1_TTGG,360,6831
CTCCGCATTACG,SEQ3_GGAA,155,4998
TTTATGCGCTTT,SEQ2_CCTT,253,3545
AAGAGTCCGGTC,SEQ3_GGAA,125,2474
TAGGGCAAGACG,SEQ1_TTGG,221,4664
GCAATTAGTCGC,SEQ2_CCTT,191,3538
ATCAGGTATACG,SEQ3_GGAA,252,3916
GACGAGGACGGA,SEQ1_TTGG,113,2205
GGACCCCCCTGC,SEQ2_CCTT,355,8400
TGTACCTGGGAT,SEQ2_CCTT,142,2544
CAGGGGTGGAGG,SEQ3_GGAA,247,4141
GCCCGTAGCTAC,SEQ1_TTGG,173,3820
CCACAAAGCGGT,SEQ1_TTGG,270,6129
GACGAAGCCATG,SEQ1_TTGG,133,2781
GGCCTCCCAGTG,SEQ3_GGAA,308,3449
TGACGGGGCTCC,SEQ3_GGAA,193,3747
CTTCCATCTCGT,SEQ2_CCTT,234,5973
CGGCCACTCTTC,SEQ3_GGAA,395,4997
GCTCAATCGTAG,SEQ3_GGAA,178,2368
GGCTGCGGCTAA,SEQ1_TTGG,335,5855
GTGCCGAAGCGC,SEQ3_GGAA,261,5216
ACCATCTAAGGC,SEQ1_TTGG,206,1743
CTTGACCGCTGA,SEQ1_TTGG,146,5282
AGCTACCTACTC,SEQ1_TTGG,137,2037
TACAGCCTCTAC,SEQ2_CCTT,189,3334
CTTGGCACTCGC,SEQ1_TTGG,135,3102
TAGTTTAGACTC,SEQ2_CCTT,550,4856
TTGGATCCATTA,SEQ3_GGAA,288,3358
TTGTCACAGTTT,SEQ3_GGAA,326,4167
CAGGACTCGCTT,SEQ2_CCTT,560,5025
TCGGGTACCTGA,SEQ1_TTGG,192,4120
GTAGGGTGGTTA,SEQ2_CCTT,159,4080
TGCGCTGTCGTG,SEQ1_TTGG,299,4976
CCAGGAATGCCC,SEQ3_GGAA,221,3215
CCTCGCATCCGT,SEQ3_GGAA,260,4784
GTGCACTCTACC,SEQ1_TTGG,202,3669
ATACATCCGCCA,SEQ2_CCTT,338,4555
GAGCTTGACGGG,SEQ3_GGAA,245,3679
TTAAACGAGTAG,SEQ1_TTGG,143,3521
TCTACCTTTCAC,SEQ1_TTGG,189,5360
GAACGAGTTGTT,SEQ2_CCTT,75,2505
TAATTACGCTGT,SEQ2_CCTT,252,2385
CACCGGTCGACA,SEQ1_TTGG,314,3273
GAAAAGTGCGCC,SEQ2_CCTT,109,2645
CGCGCTCGCAGG,SEQ3_GGAA,314,3183
CTGCCAGCCGTT,SEQ3_GGAA,173,4530
CACCCTTCGAGT,SEQ3_GGAA,305,6611
TCTTTCACGATC,SEQ1_TTGG,197,6039
AGAGAGGGCCAT,SEQ1_TTGG,160,4779
TCAGTAGGTGCT,SEQ2_CCTT,225,2873
CGACATCCACTG,SEQ3_GGAA,311,6933
CTCCATACATAA,SEQ3_GGAA,96,2586
CAGATCACAAAA,SEQ3_GGAA,294,3251
GCGAGAACGACG,SEQ1_TTGG,345,3534
AATTGCAACGAG,SEQ1_TTGG,90,1674
AATTTACTTACA,SEQ3_GGAA,156,3810
CGTTTTCTGTTA,SEQ2_CCTT,304,3802
GCTAACTTTCCT,SEQ2_CCTT,90,2356
TGTCTATCACCA,SEQ1_TTGG,443,18705
GTCGGGGGTTAC,SEQ1_TTGG,346,10019
TAGCGAACTAGT,SEQ3_GGAA,249,5807
TTCAGCCCTGTC,SEQ1_TTGG,1872,1714
TGGCTGTCCTAA,SEQ1_TTGG,182,5401
CGGGAGACACTG,SEQ1_TTGG,188,4160
CGCCTGAAGCAG,SEQ1_TTGG,429,9234
TTCTCCCTAACT,SEQ1_TTGG,295,7153
GCCTTCGATACA,SEQ1_TTGG,304,5284
TTTTGTCCCACG,SEQ1_TTGG,407,10652
CTTCATGAGGAC,SEQ3_GGAA,149,3371
GTCGCTAGTTGG,SEQ1_TTGG,273,2203
GGCAGATTTTAT,SEQ1_TTGG,199,4222
GTCGATGGACTC,SEQ1_TTGG,101,2623
TAGGGTGTGCGC,SEQ1_TTGG,121,2653
ACATCCTCTGCC,SEQ1_TTGG,122,3849
GCTAACAGGAGT,SEQ3_GGAA,242,3093
AATCCATCTACG,SEQ3_GGAA,155,2703
GCCTAGTCGTAT,SEQ3_GGAA,281,6426
TGAATTAGCCAG,SEQ2_CCTT,445,5524
ACATCACGCTCA,SEQ2_CCTT,114,2857
CCTTAGAGGTCC,SEQ1_TTGG,374,10617
ACCAGATGTCGT,SEQ3_GGAA,251,8171
AGCTTTCCAAAC,SEQ3_GGAA,229,5662
TTGTGTGCTTAG,SEQ2_CCTT,387,7667
TTGGCAAGGTAT,SEQ3_GGAA,342,4595
TATTCAGCGGAC,SEQ1_TTGG,220,3509
ATGGGTTCTCGG,SEQ1_TTGG,182,3739
GTCCCCTACCTG,SEQ1_TTGG,391,4909
TTGCAGACGTGC,SEQ1_TTGG,601,8582
CGTGTTGGTCTA,SEQ3_GGAA,192,2409
ACTTACCATCCG,SEQ2_CCTT,283,7029
ACCTCGCACTCT,SEQ1_TTGG,336,8051
GCCAGCATGATG,SEQ2_CCTT,234,4018
TGGCTTACGTGG,SEQ3_GGAA,258,4657
CTCATTTCGTTA,SEQ1_TTGG,183,6726
AATTCTCTAGTT,SEQ1_TTGG,132,4766
CTGCAGTCGAGC,SEQ2_CCTT,385,10206
GCTCACTCACGC,SEQ3_GGAA,343,5939
CAATTCATGAAA,SEQ2_CCTT,162,2479
ATAAACCTCACT,SEQ1_TTGG,167,3388
GCATTTTGCCCG,SEQ3_GGAA,307,5417
TTCAGCAGTTTT,SEQ1_TTGG,169,2918
AATGGAGCAAGT,SEQ1_TTGG,371,8854
CCAGAGAGTAAC,SEQ1_TTGG,175,5466
GGAGGTACAACC,SEQ3_GGAA,138,4807
GGTGGCGTTCTA,SEQ1_TTGG,283,4199
ATACATACGAAG,SEQ1_TTGG,92,5492
TATAGTCATCAG,SEQ1_TTGG,449,5184
GCGAACATCCAA,SEQ1_TTGG,232,6192
TGATGGCATGTT,SEQ1_TTGG,221,4669
CAAATGCACCCC,SEQ3_GGAA,105,2340
TGCTCTCGTTCG,SEQ1_TTGG,315,5107
GGCACTCAGTGG,SEQ3_GGAA,258,5504
GTAGACAGCCTT,SEQ3_GGAA,304,5346
CTATTTCTGCAC,SEQ1_TTGG,222,5865
CTAGACCTTACC,SEQ2_CCTT,211,3082
CATTACACTAAC,SEQ2_CCTT,116,4185
ACTCTGGATCAG,SEQ1_TTGG,204,5285
CGCACGCAGCCA,SEQ3_GGAA,155,3311
GCCATCCCCATC,SEQ1_TTGG,147,3188
AAATTGCCGCTC,SEQ1_TTGG,304,5740
TTTGTCCGGCGA,SEQ2_CCTT,352,2447
TCTAACGGTTCA,SEQ1_TTGG,106,2259
TAGTGCCCCTGG,SEQ1_TTGG,245,6135
CGCCACGGAGCC,SEQ2_CCTT,576,3545
AAGGCGAGGGCG,SEQ3_GGAA,203,6376
GATCTCTTTCCG,SEQ3_GGAA,216,2905
TAGATAGGCAAG,SEQ1_TTGG,177,4185
TGACACATAGCC,SEQ3_GGAA,295,9002
TCAGCATTCAGA,SEQ3_GGAA,547,10941
GGTTTATGCCAT,SEQ2_CCTT,199,6504
AGGATTGCAACG,SEQ2_CCTT,352,3157
CCCTTGCGAGTC,SEQ1_TTGG,261,5890
TCACTCACCTCC,SEQ3_GGAA,272,9310
CTCCAGTGCCCA,SEQ1_TTGG,199,2442
AAGATCATTAAC,SEQ3_GGAA,103,2526
CCCCTGTCTCTT,SEQ1_TTGG,297,115
AGTAACGCCGTA,SEQ1_TTGG,188,2627
TTGCGTTTGGCA,SEQ1_TTGG,108,3613
TCGAAACAATAG,SEQ3_GGAA,180,3477
CTGGTGCATGAC,SEQ3_GGAA,135,4344
CACCGGAGTATA,SEQ3_GGAA,143,2722
ACCAAGCCTGGG,SEQ1_TTGG,207,2835
TCCAGTGATAGT,SEQ1_TTGG,177,1753
AACTCAGTAACA,SEQ2_CCTT,205,2278
AGCCTCTAGTCT,SEQ2_CCTT,67,3002
CCACCGACTCTC,SEQ1_TTGG,97,3083
AAACTGCGTGTT,SEQ3_GGAA,146,4561
ATTCAAGTGACC,SEQ1_TTGG,118,3089
ATTATCACCCAC,SEQ2_CCTT,127,2933
CTACCTACAAGC,SEQ1_TTGG,103,3433
TAGGCATTGCCG,SEQ2_CCTT,130,2591
GCTCTTGGTAAC,SEQ2_CCTT,189,2876
TGACACTCCCCC,SEQ2_CCTT,119,3025
ATTATAACGTGT,SEQ2_CCTT,87,4101
TTAGACAGTGCG,SEQ1_TTGG,85,3593
TCGAAAGGTGTG,SEQ2_CCTT,169,3034
ATGATGATGACG,SEQ3_GGAA,140,3196
TACGAGACACCA,SEQ3_GGAA,101,2055
