,CELL BARCODES,FINAL TIME TAG,HUMAN_COUNTS,MOUSE_COUNTS
0,TTCGATTGCGCG,SEQ10_GGTT,2525,117
1,GGTGAGAGTCCG,SEQ11_GGCC,1443,53
2,GGAGCTGGACCG,SEQ11_GGCC,2041,120
3,CGACTCGGAGAA,SEQ10_GGTT,1996,68
4,ATCTCCTATACT,SEQ11_GGCC,1780,59
5,AAACATGTTCTA,SEQ11_GGCC,2345,41
6,CAACTCGACGCA,SEQ10_GGTT,609,58
7,CCGCCGTGTCTT,SEQ10_GGTT,2749,85
8,CGACGACCGTTA,SEQ11_GGCC,1459,66
9,ACGAACGTGGGT,SEQ10_GGTT,2161,146
10,CCCACAGTATCA,SEQ11_GGCC,15844,432
11,ACGAGCCAGTTC,SEQ10_GGTT,2901,99
12,TAACTTCAATTA,SEQ11_GGCC,1229,48
13,CGGTCTGTCTGC,SEQ10_GGTT,2828,145
14,ATCCCCTGCTAC,SEQ10_GGTT,1286,30
15,TGTGTATATGAG,SEQ11_GGCC,4566,197
16,GACAGCCTGGGG,SEQ10_GGTT,2553,129
17,TCACATCGCTAT,SEQ12_GGGG,432,12175
18,AGAATAGTCGAT,SEQ11_GGCC,1330,131
19,TGCATTAATGTC,SEQ10_GGTT,78,2551
20,ACATGTAGGCCT,SEQ10_GGTT,87,1325
21,AGTAATGTACAT,SEQ10_GGTT,2488,44
22,GGTGTGACAAAT,SEQ12_GGGG,117,3383
23,TCCTTTGGTCCG,SEQ12_GGGG,93,1457
24,GGAGAGCACATC,SEQ12_GGGG,101,2188
25,TGTACTGGATGT,SEQ10_GGTT,2372,98
26,CGAGAGGCTACT,SEQ11_GGCC,2547,136
27,AGTTACATTAGG,SEQ10_GGTT,956,73
28,AGCACGCTCCTC,SEQ10_GGTT,3700,213
29,GATACCTCGGAC,SEQ11_GGCC,1747,135
30,TGATCATACGCA,SEQ11_GGCC,1094,55
31,GAGCTCGCTTCT,SEQ11_GGCC,1254,39
32,AAGCTGTTGTAG,SEQ11_GGCC,1019,23
33,CGTTTCGGGATG,SEQ10_GGTT,1299,60
34,GACGTCTATAAT,SEQ12_GGGG,84,2226
35,TATTTTCTGATT,SEQ10_GGTT,1561,97
36,TCAGCTCAATTG,SEQ11_GGCC,1852,71
37,GTTCAAGAGTAA,SEQ10_GGTT,2281,118
38,TACGTTGGGAAG,SEQ11_GGCC,2400,101
39,GGCAGAGCGGAC,SEQ10_GGTT,4572,240
40,GGCTCCCGCCCG,SEQ10_GGTT,2319,101
41,TCGGAGGGAATA,SEQ11_GGCC,3689,155
42,GCGGGCCCGGAA,SEQ11_GGCC,2145,119
43,TCCTATCATACC,SEQ10_GGTT,1644,53
44,GATCGGAAGCCT,SEQ10_GGTT,1980,70
45,TATAGTCTAAAC,SEQ10_GGTT,545,26
46,TCGGATAAGTTC,SEQ10_GGTT,49,2139
47,GCCGCGAAACGA,SEQ11_GGCC,2452,68
48,GCCGTGGGGCAC,SEQ12_GGGG,298,5857
49,ATGGATCCAACA,SEQ11_GGCC,266,90
50,ATTGCCGATAGA,SEQ11_GGCC,2790,226
51,GCGTCGAGCATC,SEQ10_GGTT,434,33
52,CCACCGAAGACG,SEQ10_GGTT,4524,253
53,GAGGGGGTACCT,SEQ10_GGTT,834,40
54,GGTTGGCAACTT,SEQ11_GGCC,2367,119
55,TTAGGCCTCAGG,SEQ11_GGCC,734,98
56,TAAGTACAGTGT,SEQ11_GGCC,4283,160
57,ATGCACTGGCCC,SEQ11_GGCC,1654,56
58,ACGAAGCAAGTT,SEQ11_GGCC,539,30
59,TTTACAAATGAA,SEQ11_GGCC,4246,133
60,ATCCGATTACCT,SEQ11_GGCC,318,256
61,TGGGCGTTACAT,SEQ11_GGCC,2041,71
62,ATATGCGAGATG,SEQ11_GGCC,2909,87
63,AATAACCTACAC,SEQ10_GGTT,1521,19
64,ACCGACCTGGAG,SEQ11_GGCC,1168,85
65,GGCATCTTCGCA,SEQ10_GGTT,5796,327
66,TATGCCCACTTC,SEQ10_GGTT,3090,112
67,GTTCGCGTAGAA,SEQ10_GGTT,845,34
68,AAGATGTCGTTC,SEQ11_GGCC,200,119
69,ACCGGGCAGGAT,SEQ10_GGTT,4004,187
70,GCATAGGCCCTC,SEQ10_GGTT,3645,278
71,CCGTGGGTATGG,SEQ11_GGCC,2484,97
72,CGCTGGGTAGTA,SEQ10_GGTT,1150,42
73,TTAGCCGGGCTT,SEQ11_GGCC,3069,162
74,CTCGCCCGCCTT,SEQ11_GGCC,1356,116
75,GCTCTAATGCAG,SEQ11_GGCC,401,19
76,CGATCCCGATTA,SEQ10_GGTT,129,2516
77,GACCGGGACCAG,SEQ11_GGCC,1261,81
78,CTTCGGCTTCTA,SEQ10_GGTT,1946,118
79,GAATTTAATTAT,SEQ11_GGCC,1942,86
80,TGGACGTACTAC,SEQ10_GGTT,2955,115
81,TGGGATTTCCCG,SEQ10_GGTT,1037,52
82,TTCACTCATACG,SEQ11_GGCC,2480,89
83,CTGTCGAACCTA,SEQ10_GGTT,2821,73
84,GTGTCCCCGAAA,SEQ11_GGCC,874,43
85,GCCGTAAGGTAC,SEQ10_GGTT,408,431
86,ACGCGTTAACCA,SEQ11_GGCC,1010,51
87,GCGTTCATAACT,SEQ11_GGCC,2031,75
88,GACAAGGCTATG,SEQ11_GGCC,3100,161
89,ATCGTACCACAT,SEQ12_GGGG,159,5390
90,CAGCTCGGCGGG,SEQ11_GGCC,1084,63
91,AATAGTCATATC,SEQ10_GGTT,1464,68
92,CAAGGCTGTGAC,SEQ10_GGTT,3008,192
93,TCCTCACGGTTC,SEQ10_GGTT,5443,102
94,GCAGCTTTGGGA,SEQ10_GGTT,2201,100
95,CATTATCCTTTC,SEQ11_GGCC,1773,69
96,CACCGTGACAAA,SEQ11_GGCC,1394,77
97,GGCAATTTTATG,SEQ10_GGTT,2221,89
98,CTGACAAAAGCT,SEQ10_GGTT,1838,114
99,AACGAACACACA,SEQ11_GGCC,749,66
100,CAGTCGGGCCAT,SEQ12_GGGG,63,3104
101,GTTTGTCTCCAA,SEQ10_GGTT,2164,124
102,TCCACGTAATCT,SEQ11_GGCC,841,27
103,ACGTTATGCCCC,SEQ10_GGTT,127,708
104,AAAATAATACCA,SEQ10_GGTT,620,28
105,GGGTCGTGAGAT,SEQ10_GGTT,172,3256
106,CGTACTTGTCTT,SEQ11_GGCC,507,41
107,CGGTATCAGGCT,SEQ11_GGCC,2178,48
108,GATAACAAACAA,SEQ11_GGCC,2002,65
109,AGGATGTCCTTT,SEQ11_GGCC,2406,93
110,CCAGCGATGTTC,SEQ11_GGCC,980,39
111,CGTAACCAGCAT,SEQ12_GGGG,325,116
112,AGGGCGCTCAGA,SEQ11_GGCC,1447,82
113,CATCGCCTCTAG,SEQ11_GGCC,2145,130
114,ATGGAAAATCGC,SEQ10_GGTT,1841,93
115,ACGCCAGCGGTG,SEQ10_GGTT,1805,77
116,ATACATTGCGCA,SEQ11_GGCC,2237,136
117,AGGCCGGTAATA,SEQ11_GGCC,1142,36
118,TAATGTATATCT,SEQ12_GGGG,72,1365
119,ATGTCTTGGAGC,SEQ10_GGTT,1337,50
120,CATATAACATAT,SEQ10_GGTT,896,27
121,GACAACCAGGTG,SEQ10_GGTT,149,3299
122,ACTCTGATAGAA,SEQ10_GGTT,1683,67
123,ATCCAGAACCGC,SEQ11_GGCC,1134,101
124,TAATTATTGTTC,SEQ12_GGGG,231,8756
125,CGTGCCGGGAAT,SEQ11_GGCC,803,52
126,TACCATCTTACC,SEQ12_GGGG,210,234
127,CCCTTCCATTGG,SEQ11_GGCC,842,33
128,AGAATAGTTAGT,SEQ12_GGGG,23,872
129,TGTGTCGAACTA,SEQ12_GGGG,190,4290
130,AGCCGGTAGGGA,SEQ10_GGTT,38,493
131,AAGCTGGTTCTT,SEQ10_GGTT,217,6269
132,GAAGCCCATACA,SEQ10_GGTT,67,2301
133,TGGACCTAACAC,SEQ11_GGCC,328,207
134,CATCTTCTTACA,SEQ11_GGCC,346,367
135,CTCTCCGGCAAG,SEQ11_GGCC,672,51
136,ACCATATCGATC,SEQ10_GGTT,37,1190
137,CAAAGTCGAAAG,SEQ12_GGGG,42,1182
138,AACCTCTTTCTG,SEQ10_GGTT,179,170
139,CTTCCAGGACCT,SEQ11_GGCC,413,24
140,CATCTGATGAAG,SEQ11_GGCC,609,36
141,CCTCGAGATGAA,SEQ11_GGCC,1796,46
142,GTAACCCAGTTC,SEQ11_GGCC,781,35
143,TGTGAAGTTCTG,SEQ10_GGTT,63,1624
144,GCCGCATTGACA,SEQ10_GGTT,63,424
145,ACCGGCCCGCCT,SEQ10_GGTT,3571,178
146,CGTCTACATGCA,SEQ10_GGTT,1053,56
147,AGATCTTGATTC,SEQ10_GGTT,1000,43
148,CTCGGCCGGAGG,SEQ10_GGTT,739,55
149,TCTTCGCTAAGG,SEQ12_GGGG,146,194
150,TGCGGTACTGTA,SEQ11_GGCC,523,28
151,CTACGGAAGACG,SEQ10_GGTT,214,4194
152,CCGTTGAAATAG,SEQ11_GGCC,773,38
153,ACGGCGAGCGGT,SEQ11_GGCC,643,35
154,AGTCCTAAATAG,SEQ10_GGTT,1798,70
155,CGAGACATTCCA,SEQ10_GGTT,1096,50
156,CGTGACGTTCTC,SEQ12_GGGG,79,950
157,AAGGATAGAGGC,SEQ10_GGTT,1283,50
158,CCCCGCGAGCCG,SEQ11_GGCC,1234,87
159,ACCATACCCATA,SEQ11_GGCC,746,37
160,ATAGGAAATTTC,SEQ10_GGTT,824,26
161,TTTTGTTGGTAG,SEQ12_GGGG,141,3001
162,TAAGATCAACTC,SEQ11_GGCC,860,25
163,CAGCCGCACTGA,SEQ10_GGTT,158,2269
164,GCCCCCGAACGT,SEQ10_GGTT,1358,74
165,TCAAAGTGGTTG,SEQ11_GGCC,745,34
166,TGGAAACGGACA,SEQ12_GGGG,406,6143
167,GAATTGCCCGAC,SEQ10_GGTT,238,5696
168,TTGGGCCTCTCA,SEQ12_GGGG,31,1120
169,GTGAGCCGTCTT,SEQ10_GGTT,1160,46
170,CGGACTTGAATT,SEQ10_GGTT,582,33
171,CAGTCAACCATC,SEQ10_GGTT,717,42
172,GGGAGCGTCGCC,SEQ10_GGTT,48,1286
173,GGATTTTACCGT,SEQ11_GGCC,690,27
174,CCTGATGTTCCA,SEQ11_GGCC,723,49
175,TTCGCGTTCCCA,SEQ10_GGTT,39,1553
176,TCTACATGAAAA,SEQ10_GGTT,666,30
177,ATAGTAGGCCTG,SEQ11_GGCC,388,387
178,GTAGCTAGGGTC,SEQ10_GGTT,72,1857
179,TTGATGAAGCTT,SEQ10_GGTT,591,47
180,TGTTTCCCATTC,SEQ12_GGGG,41,1569
181,GATTCCGATCAC,SEQ12_GGGG,434,526
182,CTAATTCAGGAA,SEQ12_GGGG,172,4870
183,ACTTCCACCTGC,SEQ11_GGCC,210,219
184,GGGTAGGTGATC,SEQ12_GGGG,51,1199
185,TACTCACTCGCT,SEQ12_GGGG,93,2959
186,GGTGAGGTGCCT,SEQ11_GGCC,239,141
187,GAACGCTCTCGA,SEQ12_GGGG,124,2246
188,ACAAACTACCGC,SEQ11_GGCC,177,186
189,TGATGTTTTACT,SEQ10_GGTT,257,261
190,AGAGCACCTGAG,SEQ12_GGGG,119,4763
191,GCCCTTAACAAG,SEQ10_GGTT,243,155
192,ATAGATGTGCGT,SEQ10_GGTT,116,4721
193,CGAACACTGCAG,SEQ12_GGGG,169,3332
194,ACCAAACCCACA,SEQ12_GGGG,56,961
195,AATGCCCAATCT,SEQ12_GGGG,26,839
196,GATTGCAGACGT,SEQ10_GGTT,316,6817
197,ATTCGGAACAAC,SEQ12_GGGG,90,1791
198,GAAATACACCGC,SEQ10_GGTT,80,3337
199,GTTAGGAGAGTT,SEQ12_GGGG,27,798
200,CTCGGCATCCGC,SEQ12_GGGG,115,2858
201,CCCGGCTATATT,SEQ12_GGGG,84,2578
202,AAGCAATGTGTA,SEQ12_GGGG,96,4403
203,GCATGAACTACT,SEQ12_GGGG,171,3959
204,GTACCGAGTGCG,SEQ10_GGTT,140,3058
205,AGTCGAAGCAGA,SEQ10_GGTT,98,2815
206,ACGGGCGGACAC,SEQ12_GGGG,71,1481
207,GGGTATTGCGGA,SEQ12_GGGG,280,5707
208,ACCTATAAGTAG,SEQ12_GGGG,131,4344
209,CTTACCTGTATC,SEQ11_GGCC,269,216
210,CGTTATTGTCTC,SEQ10_GGTT,62,1313
211,CTTGCCATTTAT,SEQ12_GGGG,112,3386
212,TACCAGACCCTC,SEQ12_GGGG,214,252
213,CCCCCAGCTTGA,SEQ12_GGGG,60,1575
214,GACAATCCTGGG,SEQ12_GGGG,82,2554
215,AGGTCGCTCAGG,SEQ12_GGGG,204,254
216,CGTTTGACTACG,SEQ12_GGGG,37,912
217,AGCACTATCCGG,SEQ12_GGGG,72,1324
218,CACCGCCCCGTC,SEQ12_GGGG,43,908
219,ATTTCCCCAAGT,SEQ10_GGTT,83,1992
220,ACCAAAAATCAA,SEQ12_GGGG,70,1232
221,CGCCTCTAAACC,SEQ10_GGTT,97,1009
222,TACACTGTCGCA,SEQ10_GGTT,128,2559
223,TGCTAGCTCAGC,SEQ12_GGGG,144,3141
224,CCCATAGGCTAT,SEQ12_GGGG,151,3551
225,CGCTGGTCCGTT,SEQ12_GGGG,264,4144
226,AGTGTTCCTTTG,SEQ12_GGGG,129,3090
227,GCTTGAACCCCA,SEQ11_GGCC,462,54
228,TTGCATCCTACG,SEQ12_GGGG,110,716
229,AGAGGCCCTGAT,SEQ12_GGGG,101,3688
230,TCGATCATGGCC,SEQ10_GGTT,257,174
231,TGCAGTTTTACT,SEQ12_GGGG,101,1688
232,CACACGTTCGCA,SEQ10_GGTT,94,2301
233,CGTCGTGTATTT,SEQ12_GGGG,206,3151
234,GAATGGTTCAAA,SEQ10_GGTT,94,2386
235,AACTTGCCTTGA,SEQ12_GGGG,43,1081
236,ATATCCCTCGGA,SEQ12_GGGG,156,4326
237,CCTTCCTAACGA,SEQ10_GGTT,488,336
238,GCCGATTAGTTG,SEQ10_GGTT,92,2562
239,CCTTGGTTGCTC,SEQ12_GGGG,291,6294
240,CGCTGGCTTTTG,SEQ11_GGCC,241,210
241,GGTGGTTTTTAT,SEQ12_GGGG,123,2046
242,ACTCTCGGCTAC,SEQ10_GGTT,34,963
243,CAGATCACCACG,SEQ10_GGTT,70,1987
244,TAACACGTCGCA,SEQ12_GGGG,66,1642
245,ACGCGCAGTACT,SEQ12_GGGG,59,1070
246,CTTCTCCGATAA,SEQ10_GGTT,186,139
247,AAAATCCCAAGA,SEQ10_GGTT,87,3152
248,TCCCGAGTAATG,SEQ10_GGTT,122,1895
249,CTGTGCCTTCGC,SEQ10_GGTT,110,3282
250,CATATGCATAGC,SEQ10_GGTT,101,3062
251,TTCGGTTGAGAT,SEQ10_GGTT,24,775
252,AGGCTGTCGGAG,SEQ12_GGGG,90,2686
253,CCACTACTGGAA,SEQ12_GGGG,87,2692
254,CCACAAAGGCCC,SEQ10_GGTT,222,7577
255,CGCCCCTCCCAA,SEQ12_GGGG,103,1582
256,GAATCTTCACCT,SEQ12_GGGG,265,2307
257,GGAAATACGCGT,SEQ10_GGTT,116,2537
258,CCAGGCATCTGT,SEQ12_GGGG,92,150
259,CTTTCGTACTCT,SEQ12_GGGG,188,230
260,ACCAGTCCCTTT,SEQ12_GGGG,83,2341
261,GCCCGATTTTCC,SEQ10_GGTT,429,44
262,CGTGCGCCCGTT,SEQ12_GGGG,262,304
263,CAGGCCTCACGG,SEQ12_GGGG,64,519
264,CATGGAGACCGG,SEQ12_GGGG,65,1147
265,GACAAATACAAC,SEQ12_GGGG,40,2575
266,CGGAGCTACAAC,SEQ12_GGGG,34,1282
267,ACTGTCAACTCT,SEQ10_GGTT,48,1954
268,CCTCTGGTTTAC,SEQ12_GGGG,66,1939
269,GTGCTGGGGTAA,SEQ12_GGGG,52,1328
270,ACGGCTAACCGT,SEQ12_GGGG,111,2099
271,CAATTGTGAGGG,SEQ12_GGGG,74,2637
272,TTGTAATCACTT,SEQ10_GGTT,54,1570
273,ATCTTCTCAAAC,SEQ10_GGTT,112,3766
274,CTCCCGGATCGC,SEQ12_GGGG,86,1722
275,GGACTGACACAC,SEQ12_GGGG,138,2352
276,CTTATCATGGAA,SEQ12_GGGG,84,2440
277,TTCGCCCCTACT,SEQ12_GGGG,29,1358
278,CGTTTGTGGAGC,SEQ12_GGGG,135,2537
279,TAGGTGTTTACT,SEQ12_GGGG,58,1293
280,GCGCTGGTTGAC,SEQ12_GGGG,112,3349
281,AATCTGCCTAAG,SEQ12_GGGG,158,4947
282,TGAGGTTTAGGT,SEQ12_GGGG,76,754
283,ACGCGATACGAA,SEQ12_GGGG,59,680
284,TCCCTGAGCCCC,SEQ12_GGGG,121,3000
285,GAAACCATTCGC,SEQ10_GGTT,73,1706
286,GCGGTAAGATAA,SEQ12_GGGG,87,508
287,GTTTCCTAACGG,SEQ12_GGGG,171,171
288,CCCATCCAGTAA,SEQ12_GGGG,43,1264
289,GTACGGTTTCTA,SEQ12_GGGG,132,1866
290,TCGTTTATCGTC,SEQ12_GGGG,100,3230
291,GACCCCATAAAT,SEQ12_GGGG,67,1677
292,GTTCAATGTTAA,SEQ12_GGGG,145,3537
293,CAATTATATGCA,SEQ12_GGGG,54,1470
294,ATTACCTGCACA,SEQ10_GGTT,66,3048
295,ATGGTGCCGTCT,SEQ10_GGTT,76,2876
296,TCGTTTCGGTAC,SEQ12_GGGG,52,1639
297,GTTGCCCCTATC,SEQ12_GGGG,59,1123
298,TGCTTGGCTGCC,SEQ12_GGGG,132,3668
299,GTACAACAACCG,SEQ12_GGGG,27,818
300,CTCCAACCTAGT,SEQ12_GGGG,90,2290
301,TACGAGGACCCG,SEQ10_GGTT,38,1499
302,TGTATCCCATGA,SEQ12_GGGG,139,3368
303,TGGACTCTTAAG,SEQ12_GGGG,148,3526
304,TGCAGACAATGG,SEQ12_GGGG,194,4027
305,TGGGTACTGGGC,SEQ10_GGTT,25,1224
306,GATTTTATTACA,SEQ10_GGTT,82,2497
307,TATCTCCTTATC,SEQ10_GGTT,88,2642
308,GAGCAGACATGG,SEQ12_GGGG,138,2752
309,CGAGCCGTTCGT,SEQ12_GGGG,156,4643
310,TATTTCCGGTTA,SEQ10_GGTT,92,2093
311,CCAGTACGGATA,SEQ12_GGGG,126,3190
312,ATAGCTGCGACA,SEQ12_GGGG,46,530
313,TGTCCATCCAAT,SEQ10_GGTT,86,3159
314,CTGTTAAGAACC,SEQ12_GGGG,197,4679
315,ATACCCGAGAGA,SEQ12_GGGG,41,992
316,CCACATCAATTC,SEQ12_GGGG,62,1721
317,CGAACTGTTTTA,SEQ12_GGGG,38,1310
318,CTAATCGAGGAG,SEQ12_GGGG,28,988
319,TTGAAGTGTTGT,SEQ10_GGTT,92,3137
320,CTCCTCAACGAG,SEQ12_GGGG,50,1775
321,TACCTACGGCTC,SEQ12_GGGG,45,503
322,GGATTAATTCGG,SEQ10_GGTT,95,2390
323,TATTCGGATAAG,SEQ12_GGGG,79,2216
324,AGTTAATTTGAC,SEQ10_GGTT,55,1059
325,GATGAACCCTAG,SEQ10_GGTT,40,1314
326,TAATCTACTCTT,SEQ12_GGGG,43,3050
327,ATTGCGACGGGA,SEQ12_GGGG,140,2444
328,AAAATAACTCCT,SEQ12_GGGG,57,2040
329,GTTATACTAAAC,SEQ10_GGTT,66,1522
330,GCATTCCCTCAT,SEQ10_GGTT,553,54
331,GGCATATACCGC,SEQ12_GGGG,174,3662
332,GCGACCAAATCA,SEQ10_GGTT,86,3407
333,CCTCTGGGTTAC,SEQ10_GGTT,112,2627
334,TAAGCTCGGGGT,SEQ12_GGGG,53,1320
335,AAGCTCAGCCGT,SEQ12_GGGG,151,5290
336,GCCATACGTTGG,SEQ10_GGTT,74,2785
337,TGCATGGCTAGG,SEQ12_GGGG,37,735
338,TCCCGATGATTA,SEQ12_GGGG,69,1325
339,TGGCGTAGTTGT,SEQ12_GGGG,34,1042
340,TGACATCCGTGC,SEQ12_GGGG,39,1353
341,TCTTTCCCACGT,SEQ12_GGGG,18,978
342,AAACAGATTTCA,SEQ11_GGCC,199,168
343,CTGAGTACCTCA,SEQ10_GGTT,103,619
344,ATTATTCAATTC,SEQ10_GGTT,66,984
345,GTGTAACGCTAT,SEQ12_GGGG,27,916
346,CAGCCCCAGACC,SEQ12_GGGG,170,2973
347,CCAGCCCTTGCC,SEQ10_GGTT,65,1657
348,GCTAATTCCTGG,SEQ12_GGGG,72,2193
349,CCACGATAGTAA,SEQ10_GGTT,66,2392
350,AACGCCAGCACG,SEQ10_GGTT,58,2542
351,TCCCGAGCTGAC,SEQ12_GGGG,40,2343
352,TCCAGCGCTTTT,SEQ12_GGGG,148,154
353,TAACAGGGGACG,SEQ12_GGGG,190,253
354,GACTCGGGGCCG,SEQ12_GGGG,62,952
355,TAGAAAGTGTTA,SEQ12_GGGG,34,1057
356,TAACATGAATGT,SEQ12_GGGG,55,2005
357,CATGCTGGGTTA,SEQ12_GGGG,61,1585
358,TCGCCGAGACGT,SEQ12_GGGG,58,1442
359,CAAAATCGTCTT,SEQ10_GGTT,73,2670
360,CGGATCAGACGA,SEQ12_GGGG,79,1925
361,ATTTAGAGATCT,SEQ12_GGGG,26,852
362,GATTACAAACAG,SEQ10_GGTT,52,1366
363,AACGGTGTGGGC,SEQ12_GGGG,26,540
364,ATTAGACAGTTG,SEQ10_GGTT,43,979
365,CTAGGAACTATG,SEQ12_GGGG,73,2037
366,GCAATCCTGAGT,SEQ12_GGGG,40,1153
367,AGTTTATCAACC,SEQ10_GGTT,50,1553
368,GTAACGAGAATC,SEQ10_GGTT,254,1146
369,TAGTTTAGCAAA,SEQ12_GGGG,47,667
370,CATCTGCGCAGA,SEQ12_GGGG,48,1400
371,GTACTATTATTG,SEQ12_GGGG,50,2713
372,CGGAAGATGTCA,SEQ12_GGGG,54,1110
373,GAGGTTTTAGAT,SEQ12_GGGG,43,1728
374,GGCTGGTTGAAG,SEQ12_GGGG,29,875
375,TATCATCCATGG,SEQ12_GGGG,103,2467
376,CAAAGCGCGGAT,SEQ12_GGGG,41,873
377,GAATCTTCCACA,SEQ10_GGTT,38,1213
378,CCGTAACTAACA,SEQ12_GGGG,102,420
379,GTTCCCGACAAT,SEQ12_GGGG,175,240
380,GTCACCGGGAAC,SEQ12_GGGG,128,4841
381,CTGGTGATGGTC,SEQ12_GGGG,43,551
382,CTACAAACTTGA,SEQ12_GGGG,57,850
383,GTACCCGTTAAC,SEQ10_GGTT,86,2026
384,TAGTTGACGGTC,SEQ10_GGTT,44,1070
385,CCAGTGATTTGT,SEQ10_GGTT,43,1585
386,CTCACACTTAGT,SEQ12_GGGG,57,3497
387,TTAGAGGGCCTA,SEQ12_GGGG,126,1508
388,AGCACCGAATTT,SEQ12_GGGG,74,1801
389,AATGCGCCCCAT,SEQ12_GGGG,26,1052
390,CTAATCCAGAGG,SEQ10_GGTT,25,1865
391,AAGAATAGTTTT,SEQ10_GGTT,36,764
392,ATACATCCTCTG,SEQ12_GGGG,53,2129
393,CGGGTGGCTTGA,SEQ11_GGCC,47,862
394,CCTCACCTCTTG,SEQ10_GGTT,30,2073
395,GCGGTTTAGCGC,SEQ12_GGGG,50,1913
396,CGCGATGCTACC,SEQ12_GGGG,36,1355
397,GCTGAGCTGAAT,SEQ12_GGGG,39,686
398,GTATTCCAAAAG,SEQ12_GGGG,55,1817
399,AATACAGCGCAG,SEQ12_GGGG,51,1349
400,ACCTCGGGGGAT,SEQ10_GGTT,42,2625
401,CATAGAAGCAAC,SEQ10_GGTT,64,627
402,TCTAGCTGTACA,SEQ10_GGTT,119,2803
403,CTAATTGCCCCA,SEQ10_GGTT,13,282
404,CATATAATAATT,SEQ12_GGGG,42,2650
405,GTGACGACCTTG,SEQ10_GGTT,51,1040
406,ATGAAATAAGAG,SEQ12_GGGG,28,837
407,TTTTCAATACTG,SEQ12_GGGG,59,2023
408,TCCACTGTGCTC,SEQ12_GGGG,50,898
409,TAGTCAAGAGCG,SEQ12_GGGG,114,1626
410,AGCATTAGTCCC,SEQ10_GGTT,53,803
411,TCCACCATAGAC,SEQ12_GGGG,60,1737
412,TGCGCGGGCGGA,SEQ12_GGGG,36,1082
413,GTGTACAAAGTA,SEQ12_GGGG,38,1457
414,ACATGGCCTAAC,SEQ10_GGTT,53,1621
415,TGTATTCCCCGT,SEQ12_GGGG,32,865
416,TGTCTATTCCAT,SEQ12_GGGG,21,966
417,GGGTAAACGGAC,SEQ12_GGGG,30,1002
418,TTCCTTTACTGG,SEQ12_GGGG,15,830
419,GCGGCTCAGCCT,SEQ12_GGGG,57,2197
420,AGGAAGGGGGGT,SEQ10_GGTT,31,118
421,GCCGGGTGCTGT,SEQ12_GGGG,31,1543
422,AGGTCTTGTTCC,SEQ10_GGTT,41,1777
423,ATCAGTAGTTAA,SEQ10_GGTT,46,1003
424,ACCCTTTACGAT,SEQ10_GGTT,24,979
425,CAGCCGGCTGCA,SEQ12_GGGG,67,1043
426,ATCACTGCCCTG,SEQ10_GGTT,34,2534
427,ATGAACCACAGT,SEQ12_GGGG,122,235
428,GGTGTACTACTC,SEQ12_GGGG,31,998
429,CATGTCAGGACC,SEQ12_GGGG,34,1612
430,CCCGGGATTCTT,SEQ12_GGGG,21,901
431,TCGGGCTGACGA,SEQ10_GGTT,39,1039
432,CCGCGGAACCCC,SEQ12_GGGG,37,941
433,CATGTGTAACAG,SEQ12_GGGG,27,1092
434,GATCAGAAAATG,SEQ12_GGGG,31,527
435,TATTCAGCGCGG,SEQ12_GGGG,23,559
436,TAACCGCCACTT,SEQ12_GGGG,35,922
437,CCGTATAAGGGG,SEQ12_GGGG,25,1398
438,ATGCCGTCCCCT,SEQ12_GGGG,20,347
439,ACCTTTCATTTC,SEQ12_GGGG,32,1362
